model,pooling,dataset_size,C,auc,test_pos,test_neg,embedding_dim,runtime_sec
dinov2-small,cls,50,0.01,0.791111,15,15,384,0.04
dinov2-small,cls,50,0.1,0.795556,15,15,384,0.04
dinov2-small,cls,50,1.0,0.791111,15,15,384,0.04
dinov2-small,cls,50,10.0,0.791111,15,15,384,0.04
dinov2-small,cls,100,0.01,0.844444,30,30,384,0.06
dinov2-small,cls,100,0.1,0.832222,30,30,384,0.06
dinov2-small,cls,100,1.0,0.818889,30,30,384,0.06
dinov2-small,cls,100,10.0,0.814444,30,30,384,0.06
dinov2-small,cls,250,0.01,0.866465,74,76,384,0.09
dinov2-small,cls,250,0.1,0.870377,74,76,384,0.09
dinov2-small,cls,250,1.0,0.870377,74,76,384,0.09
dinov2-small,cls,250,10.0,0.864154,74,76,384,0.09
dinov2-small,patch_mean,50,0.01,0.88,15,15,384,0.03
dinov2-small,patch_mean,50,0.1,0.857778,15,15,384,0.03
dinov2-small,patch_mean,50,1.0,0.844444,15,15,384,0.03
dinov2-small,patch_mean,50,10.0,0.844444,15,15,384,0.03
dinov2-small,patch_mean,100,0.01,0.875556,30,30,384,0.05
dinov2-small,patch_mean,100,0.1,0.853333,30,30,384,0.05
dinov2-small,patch_mean,100,1.0,0.828889,30,30,384,0.05
dinov2-small,patch_mean,100,10.0,0.824444,30,30,384,0.05
dinov2-small,patch_mean,250,0.01,0.897582,74,76,384,0.08
dinov2-small,patch_mean,250,0.1,0.891358,74,76,384,0.08
dinov2-small,patch_mean,250,1.0,0.878201,74,76,384,0.08
dinov2-small,patch_mean,250,10.0,0.873755,74,76,384,0.08
dinov2-small,patch_max,50,0.01,0.92,15,15,384,0.02
dinov2-small,patch_max,50,0.1,0.92,15,15,384,0.02
dinov2-small,patch_max,50,1.0,0.92,15,15,384,0.02
dinov2-small,patch_max,50,10.0,0.915556,15,15,384,0.02
dinov2-small,patch_max,100,0.01,0.865556,30,30,384,0.05
dinov2-small,patch_max,100,0.1,0.838889,30,30,384,0.05
dinov2-small,patch_max,100,1.0,0.827778,30,30,384,0.05
dinov2-small,patch_max,100,10.0,0.82,30,30,384,0.05
dinov2-small,patch_max,250,0.01,0.882824,74,76,384,0.07
dinov2-small,patch_max,250,0.1,0.881579,74,76,384,0.07
dinov2-small,patch_max,250,1.0,0.871088,74,76,384,0.07
dinov2-small,patch_max,250,10.0,0.871266,74,76,384,0.07
dinov2-small,patch_gem,50,0.01,0.928889,15,15,384,0.03
dinov2-small,patch_gem,50,0.1,0.928889,15,15,384,0.03
dinov2-small,patch_gem,50,1.0,0.928889,15,15,384,0.03
dinov2-small,patch_gem,50,10.0,0.928889,15,15,384,0.03
dinov2-small,patch_gem,100,0.01,0.895556,30,30,384,0.05
dinov2-small,patch_gem,100,0.1,0.881111,30,30,384,0.05
dinov2-small,patch_gem,100,1.0,0.872222,30,30,384,0.05
dinov2-small,patch_gem,100,10.0,0.868889,30,30,384,0.05
dinov2-small,patch_gem,250,0.01,0.907361,74,76,384,0.07
dinov2-small,patch_gem,250,0.1,0.899538,74,76,384,0.07
dinov2-small,patch_gem,250,1.0,0.888158,74,76,384,0.07
dinov2-small,patch_gem,250,10.0,0.886558,74,76,384,0.07
dinov2-small,cls_patch,50,0.01,0.853333,15,15,768,0.04
dinov2-small,cls_patch,50,0.1,0.822222,15,15,768,0.04
dinov2-small,cls_patch,50,1.0,0.813333,15,15,768,0.04
dinov2-small,cls_patch,50,10.0,0.804444,15,15,768,0.04
dinov2-small,cls_patch,100,0.01,0.865556,30,30,768,0.06
dinov2-small,cls_patch,100,0.1,0.846667,30,30,768,0.06
dinov2-small,cls_patch,100,1.0,0.838889,30,30,768,0.06
dinov2-small,cls_patch,100,10.0,0.833333,30,30,768,0.06
dinov2-small,cls_patch,250,0.01,0.896337,74,76,768,0.09
dinov2-small,cls_patch,250,0.1,0.893137,74,76,768,0.09
dinov2-small,cls_patch,250,1.0,0.890825,74,76,768,0.09
dinov2-small,cls_patch,250,10.0,0.88638,74,76,768,0.09
dinov2-small,multicrop,50,0.01,0.817778,15,15,384,0.03
dinov2-small,multicrop,50,0.1,0.808889,15,15,384,0.03
dinov2-small,multicrop,50,1.0,0.8,15,15,384,0.03
dinov2-small,multicrop,50,10.0,0.791111,15,15,384,0.03
dinov2-small,multicrop,100,0.01,0.86,30,30,384,0.05
dinov2-small,multicrop,100,0.1,0.848889,30,30,384,0.06
dinov2-small,multicrop,100,1.0,0.848889,30,30,384,0.06
dinov2-small,multicrop,100,10.0,0.835556,30,30,384,0.06
dinov2-small,multicrop,250,0.01,0.885313,74,76,384,0.08
dinov2-small,multicrop,250,0.1,0.89367,74,76,384,0.08
dinov2-small,multicrop,250,1.0,0.890292,74,76,384,0.08
dinov2-small,multicrop,250,10.0,0.884424,74,76,384,0.08
dinov2-base,cls,50,0.01,0.795556,15,15,768,0.03
dinov2-base,cls,50,0.1,0.791111,15,15,768,0.03
dinov2-base,cls,50,1.0,0.782222,15,15,768,0.03
dinov2-base,cls,50,10.0,0.782222,15,15,768,0.03
dinov2-base,cls,100,0.01,0.882222,30,30,768,0.05
dinov2-base,cls,100,0.1,0.868889,30,30,768,0.05
dinov2-base,cls,100,1.0,0.862222,30,30,768,0.05
dinov2-base,cls,100,10.0,0.86,30,30,768,0.05
dinov2-base,cls,250,0.01,0.880868,74,76,768,0.08
dinov2-base,cls,250,0.1,0.879267,74,76,768,0.08
dinov2-base,cls,250,1.0,0.876778,74,76,768,0.08
dinov2-base,cls,250,10.0,0.874467,74,76,768,0.08
dinov2-base,patch_mean,50,0.01,0.835556,15,15,768,0.04
dinov2-base,patch_mean,50,0.1,0.831111,15,15,768,0.04
dinov2-base,patch_mean,50,1.0,0.804444,15,15,768,0.04
dinov2-base,patch_mean,50,10.0,0.795556,15,15,768,0.04
dinov2-base,patch_mean,100,0.01,0.831111,30,30,768,0.06
dinov2-base,patch_mean,100,0.1,0.826667,30,30,768,0.06
dinov2-base,patch_mean,100,1.0,0.824444,30,30,768,0.06
dinov2-base,patch_mean,100,10.0,0.824444,30,30,768,0.06
dinov2-base,patch_mean,250,0.01,0.900782,74,76,768,0.09
dinov2-base,patch_mean,250,0.1,0.900071,74,76,768,0.09
dinov2-base,patch_mean,250,1.0,0.89776,74,76,768,0.09
dinov2-base,patch_mean,250,10.0,0.894559,74,76,768,0.09
dinov2-base,patch_max,50,0.01,0.804444,15,15,768,0.03
dinov2-base,patch_max,50,0.1,0.817778,15,15,768,0.03
dinov2-base,patch_max,50,1.0,0.817778,15,15,768,0.03
dinov2-base,patch_max,50,10.0,0.804444,15,15,768,0.03
dinov2-base,patch_max,100,0.01,0.878889,30,30,768,0.05
dinov2-base,patch_max,100,0.1,0.875556,30,30,768,0.05
dinov2-base,patch_max,100,1.0,0.871111,30,30,768,0.05
dinov2-base,patch_max,100,10.0,0.863333,30,30,768,0.05
dinov2-base,patch_max,250,0.01,0.889758,74,76,768,0.08
dinov2-base,patch_max,250,0.1,0.886735,74,76,768,0.08
dinov2-base,patch_max,250,1.0,0.885313,74,76,768,0.08
dinov2-base,patch_max,250,10.0,0.887447,74,76,768,0.08
dinov2-base,patch_gem,50,0.01,0.826667,15,15,768,0.04
dinov2-base,patch_gem,50,0.1,0.826667,15,15,768,0.04
dinov2-base,patch_gem,50,1.0,0.822222,15,15,768,0.04
dinov2-base,patch_gem,50,10.0,0.817778,15,15,768,0.04
dinov2-base,patch_gem,100,0.01,0.855556,30,30,768,0.06
dinov2-base,patch_gem,100,0.1,0.843333,30,30,768,0.06
dinov2-base,patch_gem,100,1.0,0.837778,30,30,768,0.06
dinov2-base,patch_gem,100,10.0,0.831111,30,30,768,0.06
dinov2-base,patch_gem,250,0.01,0.908606,74,76,768,0.08
dinov2-base,patch_gem,250,0.1,0.913762,74,76,768,0.08
dinov2-base,patch_gem,250,1.0,0.912696,74,76,768,0.08
dinov2-base,patch_gem,250,10.0,0.910384,74,76,768,0.08
dinov2-base,cls_patch,50,0.01,0.835556,15,15,1536,0.04
dinov2-base,cls_patch,50,0.1,0.844444,15,15,1536,0.04
dinov2-base,cls_patch,50,1.0,0.835556,15,15,1536,0.04
dinov2-base,cls_patch,50,10.0,0.813333,15,15,1536,0.04
dinov2-base,cls_patch,100,0.01,0.864444,30,30,1536,0.07
dinov2-base,cls_patch,100,0.1,0.857778,30,30,1536,0.07
dinov2-base,cls_patch,100,1.0,0.856667,30,30,1536,0.07
dinov2-base,cls_patch,100,10.0,0.855556,30,30,1536,0.07
dinov2-base,cls_patch,250,0.01,0.91074,74,76,1536,1.1
dinov2-base,cls_patch,250,0.1,0.91234,74,76,1536,1.1
dinov2-base,cls_patch,250,1.0,0.909851,74,76,1536,1.1
dinov2-base,cls_patch,250,10.0,0.909673,74,76,1536,1.1
dinov2-base,multicrop,50,0.01,0.831111,15,15,768,0.08
dinov2-base,multicrop,50,0.1,0.831111,15,15,768,0.08
dinov2-base,multicrop,50,1.0,0.831111,15,15,768,0.08
dinov2-base,multicrop,50,10.0,0.831111,15,15,768,0.08
dinov2-base,multicrop,100,0.01,0.884444,30,30,768,0.1
dinov2-base,multicrop,100,0.1,0.861111,30,30,768,0.1
dinov2-base,multicrop,100,1.0,0.853333,30,30,768,0.1
dinov2-base,multicrop,100,10.0,0.85,30,30,768,0.1
dinov2-base,multicrop,250,0.01,0.887269,74,76,768,0.13
dinov2-base,multicrop,250,0.1,0.878912,74,76,768,0.13
dinov2-base,multicrop,250,1.0,0.874467,74,76,768,0.13
dinov2-base,multicrop,250,10.0,0.872688,74,76,768,0.13
dinov2-large,cls,50,0.01,0.835556,15,15,1024,0.04
dinov2-large,cls,50,0.1,0.822222,15,15,1024,0.04
dinov2-large,cls,50,1.0,0.817778,15,15,1024,0.04
dinov2-large,cls,50,10.0,0.813333,15,15,1024,0.04
dinov2-large,cls,100,0.01,0.821111,30,30,1024,0.06
dinov2-large,cls,100,0.1,0.808889,30,30,1024,0.06
dinov2-large,cls,100,1.0,0.804444,30,30,1024,0.06
dinov2-large,cls,100,10.0,0.795556,30,30,1024,0.06
dinov2-large,cls,250,0.01,0.863265,74,76,1024,0.09
dinov2-large,cls,250,0.1,0.855797,74,76,1024,0.09
dinov2-large,cls,250,1.0,0.852952,74,76,1024,0.09
dinov2-large,cls,250,10.0,0.849929,74,76,1024,0.09
dinov2-large,patch_mean,50,0.01,0.782222,15,15,1024,0.04
dinov2-large,patch_mean,50,0.1,0.768889,15,15,1024,0.04
dinov2-large,patch_mean,50,1.0,0.76,15,15,1024,0.04
dinov2-large,patch_mean,50,10.0,0.755556,15,15,1024,0.04
dinov2-large,patch_mean,100,0.01,0.86,30,30,1024,0.06
dinov2-large,patch_mean,100,0.1,0.861111,30,30,1024,0.06
dinov2-large,patch_mean,100,1.0,0.856667,30,30,1024,0.06
dinov2-large,patch_mean,100,10.0,0.856667,30,30,1024,0.06
dinov2-large,patch_mean,250,0.01,0.887447,74,76,1024,0.09
dinov2-large,patch_mean,250,0.1,0.888158,74,76,1024,0.09
dinov2-large,patch_mean,250,1.0,0.887624,74,76,1024,0.09
dinov2-large,patch_mean,250,10.0,0.879979,74,76,1024,0.09
dinov2-large,patch_max,50,0.01,0.813333,15,15,1024,0.04
dinov2-large,patch_max,50,0.1,0.813333,15,15,1024,0.04
dinov2-large,patch_max,50,1.0,0.813333,15,15,1024,0.04
dinov2-large,patch_max,50,10.0,0.808889,15,15,1024,0.04
dinov2-large,patch_max,100,0.01,0.847778,30,30,1024,0.06
dinov2-large,patch_max,100,0.1,0.845556,30,30,1024,0.06
dinov2-large,patch_max,100,1.0,0.838889,30,30,1024,0.06
dinov2-large,patch_max,100,10.0,0.836667,30,30,1024,0.06
dinov2-large,patch_max,250,0.01,0.865932,74,76,1024,0.09
dinov2-large,patch_max,250,0.1,0.862198,74,76,1024,0.09
dinov2-large,patch_max,250,1.0,0.858108,74,76,1024,0.09
dinov2-large,patch_max,250,10.0,0.852952,74,76,1024,0.09
dinov2-large,patch_gem,50,0.01,0.835556,15,15,1024,0.04
dinov2-large,patch_gem,50,0.1,0.804444,15,15,1024,0.04
dinov2-large,patch_gem,50,1.0,0.817778,15,15,1024,0.04
dinov2-large,patch_gem,50,10.0,0.8,15,15,1024,0.04
dinov2-large,patch_gem,100,0.01,0.828889,30,30,1024,0.06
dinov2-large,patch_gem,100,0.1,0.836667,30,30,1024,0.06
dinov2-large,patch_gem,100,1.0,0.838889,30,30,1024,0.06
dinov2-large,patch_gem,100,10.0,0.836667,30,30,1024,0.06
dinov2-large,patch_gem,250,0.01,0.880156,74,76,1024,0.09
dinov2-large,patch_gem,250,0.1,0.879445,74,76,1024,0.09
dinov2-large,patch_gem,250,1.0,0.878023,74,76,1024,0.09
dinov2-large,patch_gem,250,10.0,0.874644,74,76,1024,0.09
dinov2-large,cls_patch,50,0.01,0.835556,15,15,2048,0.06
dinov2-large,cls_patch,50,0.1,0.84,15,15,2048,0.06
dinov2-large,cls_patch,50,1.0,0.835556,15,15,2048,0.06
dinov2-large,cls_patch,50,10.0,0.84,15,15,2048,0.06
dinov2-large,cls_patch,100,0.01,0.85,30,30,2048,0.09
dinov2-large,cls_patch,100,0.1,0.851111,30,30,2048,0.09
dinov2-large,cls_patch,100,1.0,0.848889,30,30,2048,0.09
dinov2-large,cls_patch,100,10.0,0.853333,30,30,2048,0.09
dinov2-large,cls_patch,250,0.01,0.890647,74,76,2048,1.39
dinov2-large,cls_patch,250,0.1,0.887624,74,76,2048,1.39
dinov2-large,cls_patch,250,1.0,0.888336,74,76,2048,1.39
dinov2-large,cls_patch,250,10.0,0.88478,74,76,2048,1.39
dinov2-large,multicrop,50,0.01,0.906667,15,15,1024,0.08
dinov2-large,multicrop,50,0.1,0.902222,15,15,1024,0.08
dinov2-large,multicrop,50,1.0,0.902222,15,15,1024,0.08
dinov2-large,multicrop,50,10.0,0.902222,15,15,1024,0.08
dinov2-large,multicrop,100,0.01,0.812222,30,30,1024,0.11
dinov2-large,multicrop,100,0.1,0.805556,30,30,1024,0.11
dinov2-large,multicrop,100,1.0,0.798889,30,30,1024,0.11
dinov2-large,multicrop,100,10.0,0.793333,30,30,1024,0.11
dinov2-large,multicrop,250,0.01,0.858108,74,76,1024,0.14
dinov2-large,multicrop,250,0.1,0.84904,74,76,1024,0.14
dinov2-large,multicrop,250,1.0,0.842817,74,76,1024,0.14
dinov2-large,multicrop,250,10.0,0.840505,74,76,1024,0.14
dinov2-giant,cls,50,0.01,0.862222,15,15,1536,0.06
dinov2-giant,cls,50,0.1,0.862222,15,15,1536,0.06
dinov2-giant,cls,50,1.0,0.862222,15,15,1536,0.06
dinov2-giant,cls,50,10.0,0.862222,15,15,1536,0.06
dinov2-giant,cls,100,0.01,0.88,30,30,1536,0.08
dinov2-giant,cls,100,0.1,0.876667,30,30,1536,0.08
dinov2-giant,cls,100,1.0,0.874444,30,30,1536,0.08
dinov2-giant,cls,100,10.0,0.873333,30,30,1536,0.08
dinov2-giant,cls,250,0.01,0.869844,74,76,1536,0.63
dinov2-giant,cls,250,0.1,0.86771,74,76,1536,0.63
dinov2-giant,cls,250,1.0,0.866287,74,76,1536,0.63
dinov2-giant,cls,250,10.0,0.864331,74,76,1536,0.63
dinov2-giant,patch_mean,50,0.01,0.848889,15,15,1536,0.09
dinov2-giant,patch_mean,50,0.1,0.862222,15,15,1536,0.09
dinov2-giant,patch_mean,50,1.0,0.866667,15,15,1536,0.09
dinov2-giant,patch_mean,50,10.0,0.857778,15,15,1536,0.09
dinov2-giant,patch_mean,100,0.01,0.862222,30,30,1536,0.11
dinov2-giant,patch_mean,100,0.1,0.847778,30,30,1536,0.11
dinov2-giant,patch_mean,100,1.0,0.843333,30,30,1536,0.11
dinov2-giant,patch_mean,100,10.0,0.843333,30,30,1536,0.11
dinov2-giant,patch_mean,250,0.01,0.905583,74,76,1536,0.85
dinov2-giant,patch_mean,250,0.1,0.90505,74,76,1536,0.85
dinov2-giant,patch_mean,250,1.0,0.903805,74,76,1536,0.85
dinov2-giant,patch_mean,250,10.0,0.899538,74,76,1536,0.85
dinov2-giant,patch_max,50,0.01,0.795556,15,15,1536,0.09
dinov2-giant,patch_max,50,0.1,0.786667,15,15,1536,0.09
dinov2-giant,patch_max,50,1.0,0.786667,15,15,1536,0.09
dinov2-giant,patch_max,50,10.0,0.782222,15,15,1536,0.09
dinov2-giant,patch_max,100,0.01,0.888889,30,30,1536,0.11
dinov2-giant,patch_max,100,0.1,0.892222,30,30,1536,0.11
dinov2-giant,patch_max,100,1.0,0.891111,30,30,1536,0.11
dinov2-giant,patch_max,100,10.0,0.89,30,30,1536,0.11
dinov2-giant,patch_max,250,0.01,0.863798,74,76,1536,1.03
dinov2-giant,patch_max,250,0.1,0.860597,74,76,1536,1.03
dinov2-giant,patch_max,250,1.0,0.856686,74,76,1536,1.03
dinov2-giant,patch_max,250,10.0,0.856152,74,76,1536,1.03
dinov2-giant,patch_gem,50,0.01,0.817778,15,15,1536,0.09
dinov2-giant,patch_gem,50,0.1,0.826667,15,15,1536,0.09
dinov2-giant,patch_gem,50,1.0,0.835556,15,15,1536,0.09
dinov2-giant,patch_gem,50,10.0,0.831111,15,15,1536,0.09
dinov2-giant,patch_gem,100,0.01,0.896667,30,30,1536,0.11
dinov2-giant,patch_gem,100,0.1,0.901111,30,30,1536,0.11
dinov2-giant,patch_gem,100,1.0,0.897778,30,30,1536,0.11
dinov2-giant,patch_gem,100,10.0,0.902222,30,30,1536,0.11
dinov2-giant,patch_gem,250,0.01,0.896159,74,76,1536,0.92
dinov2-giant,patch_gem,250,0.1,0.896515,74,76,1536,0.92
dinov2-giant,patch_gem,250,1.0,0.895982,74,76,1536,0.92
dinov2-giant,patch_gem,250,10.0,0.891358,74,76,1536,0.92
dinov2-giant,cls_patch,50,0.01,0.911111,15,15,3072,0.09
dinov2-giant,cls_patch,50,0.1,0.915556,15,15,3072,0.09
dinov2-giant,cls_patch,50,1.0,0.915556,15,15,3072,0.09
dinov2-giant,cls_patch,50,10.0,0.893333,15,15,3072,0.09
dinov2-giant,cls_patch,100,0.01,0.874444,30,30,3072,0.13
dinov2-giant,cls_patch,100,0.1,0.872222,30,30,3072,0.13
dinov2-giant,cls_patch,100,1.0,0.868889,30,30,3072,0.13
dinov2-giant,cls_patch,100,10.0,0.877778,30,30,3072,0.13
dinov2-giant,cls_patch,250,0.01,0.905939,74,76,3072,0.73
dinov2-giant,cls_patch,250,0.1,0.905228,74,76,3072,0.73
dinov2-giant,cls_patch,250,1.0,0.904161,74,76,3072,0.73
dinov2-giant,cls_patch,250,10.0,0.901849,74,76,3072,0.73
dinov2-giant,multicrop,50,0.01,0.88,15,15,1536,0.08
dinov2-giant,multicrop,50,0.1,0.88,15,15,1536,0.08
dinov2-giant,multicrop,50,1.0,0.88,15,15,1536,0.08
dinov2-giant,multicrop,50,10.0,0.88,15,15,1536,0.08
dinov2-giant,multicrop,100,0.01,0.885556,30,30,1536,0.1
dinov2-giant,multicrop,100,0.1,0.88,30,30,1536,0.1
dinov2-giant,multicrop,100,1.0,0.877778,30,30,1536,0.1
dinov2-giant,multicrop,100,10.0,0.875556,30,30,1536,0.1
dinov2-giant,multicrop,250,0.01,0.875533,74,76,1536,0.74
dinov2-giant,multicrop,250,0.1,0.872511,74,76,1536,0.74
dinov2-giant,multicrop,250,1.0,0.87091,74,76,1536,0.74
dinov2-giant,multicrop,250,10.0,0.866821,74,76,1536,0.74
dinov3-vitl16,cls,50,0.01,0.884444,15,15,1024,0.05
dinov3-vitl16,cls,50,0.1,0.897778,15,15,1024,0.05
dinov3-vitl16,cls,50,1.0,0.906667,15,15,1024,0.05
dinov3-vitl16,cls,50,10.0,0.915556,15,15,1024,0.05
dinov3-vitl16,cls,100,0.01,0.894444,30,30,1024,0.08
dinov3-vitl16,cls,100,0.1,0.891111,30,30,1024,0.08
dinov3-vitl16,cls,100,1.0,0.888889,30,30,1024,0.08
dinov3-vitl16,cls,100,10.0,0.894444,30,30,1024,0.08
dinov3-vitl16,cls,250,0.01,0.895982,74,76,1024,0.11
dinov3-vitl16,cls,250,0.1,0.88638,74,76,1024,0.11
dinov3-vitl16,cls,250,1.0,0.88069,74,76,1024,0.11
dinov3-vitl16,cls,250,10.0,0.874822,74,76,1024,0.11
dinov3-vitl16,patch_mean,50,0.01,0.884444,15,15,1024,0.04
dinov3-vitl16,patch_mean,50,0.1,0.884444,15,15,1024,0.04
dinov3-vitl16,patch_mean,50,1.0,0.884444,15,15,1024,0.04
dinov3-vitl16,patch_mean,50,10.0,0.884444,15,15,1024,0.04
dinov3-vitl16,patch_mean,100,0.01,0.894444,30,30,1024,0.06
dinov3-vitl16,patch_mean,100,0.1,0.901111,30,30,1024,0.06
dinov3-vitl16,patch_mean,100,1.0,0.898889,30,30,1024,0.06
dinov3-vitl16,patch_mean,100,10.0,0.901111,30,30,1024,0.06
dinov3-vitl16,patch_mean,250,0.01,0.908073,74,76,1024,0.09
dinov3-vitl16,patch_mean,250,0.1,0.908784,74,76,1024,0.09
dinov3-vitl16,patch_mean,250,1.0,0.907717,74,76,1024,0.09
dinov3-vitl16,patch_mean,250,10.0,0.908784,74,76,1024,0.09
dinov3-vitl16,patch_max,50,0.01,0.831111,15,15,1024,0.04
dinov3-vitl16,patch_max,50,0.1,0.817778,15,15,1024,0.04
dinov3-vitl16,patch_max,50,1.0,0.817778,15,15,1024,0.04
dinov3-vitl16,patch_max,50,10.0,0.817778,15,15,1024,0.04
dinov3-vitl16,patch_max,100,0.01,0.877778,30,30,1024,0.06
dinov3-vitl16,patch_max,100,0.1,0.877778,30,30,1024,0.06
dinov3-vitl16,patch_max,100,1.0,0.875556,30,30,1024,0.06
dinov3-vitl16,patch_max,100,10.0,0.877778,30,30,1024,0.06
dinov3-vitl16,patch_max,250,0.01,0.853485,74,76,1024,0.09
dinov3-vitl16,patch_max,250,0.1,0.852952,74,76,1024,0.09
dinov3-vitl16,patch_max,250,1.0,0.852774,74,76,1024,0.09
dinov3-vitl16,patch_max,250,10.0,0.851529,74,76,1024,0.09
dinov3-vitl16,patch_gem,50,0.01,0.871111,15,15,1024,0.03
dinov3-vitl16,patch_gem,50,0.1,0.857778,15,15,1024,0.03
dinov3-vitl16,patch_gem,50,1.0,0.853333,15,15,1024,0.03
dinov3-vitl16,patch_gem,50,10.0,0.862222,15,15,1024,0.04
dinov3-vitl16,patch_gem,100,0.01,0.896667,30,30,1024,0.06
dinov3-vitl16,patch_gem,100,0.1,0.895556,30,30,1024,0.06
dinov3-vitl16,patch_gem,100,1.0,0.888889,30,30,1024,0.06
dinov3-vitl16,patch_gem,100,10.0,0.892222,30,30,1024,0.06
dinov3-vitl16,patch_gem,250,0.01,0.897404,74,76,1024,0.09
dinov3-vitl16,patch_gem,250,0.1,0.898115,74,76,1024,0.09
dinov3-vitl16,patch_gem,250,1.0,0.894559,74,76,1024,0.09
dinov3-vitl16,patch_gem,250,10.0,0.890469,74,76,1024,0.09
dinov3-vitl16,cls_patch,50,0.01,0.866667,15,15,2048,0.06
dinov3-vitl16,cls_patch,50,0.1,0.866667,15,15,2048,0.06
dinov3-vitl16,cls_patch,50,1.0,0.88,15,15,2048,0.06
dinov3-vitl16,cls_patch,50,10.0,0.866667,15,15,2048,0.06
dinov3-vitl16,cls_patch,100,0.01,0.903333,30,30,2048,0.09
dinov3-vitl16,cls_patch,100,0.1,0.906667,30,30,2048,0.09
dinov3-vitl16,cls_patch,100,1.0,0.906667,30,30,2048,0.09
dinov3-vitl16,cls_patch,100,10.0,0.903333,30,30,2048,0.09
dinov3-vitl16,cls_patch,250,0.01,0.910917,74,76,2048,1.26
dinov3-vitl16,cls_patch,250,0.1,0.908073,74,76,2048,1.26
dinov3-vitl16,cls_patch,250,1.0,0.905405,74,76,2048,1.26
dinov3-vitl16,cls_patch,250,10.0,0.903805,74,76,2048,1.26
dinov3-vitl16,multicrop,50,0.01,0.866667,15,15,1024,0.08
dinov3-vitl16,multicrop,50,0.1,0.875556,15,15,1024,0.08
dinov3-vitl16,multicrop,50,1.0,0.875556,15,15,1024,0.08
dinov3-vitl16,multicrop,50,10.0,0.875556,15,15,1024,0.08
dinov3-vitl16,multicrop,100,0.01,0.884444,30,30,1024,0.1
dinov3-vitl16,multicrop,100,0.1,0.877778,30,30,1024,0.1
dinov3-vitl16,multicrop,100,1.0,0.877778,30,30,1024,0.1
dinov3-vitl16,multicrop,100,10.0,0.876667,30,30,1024,0.1
dinov3-vitl16,multicrop,250,0.01,0.911095,74,76,1024,0.13
dinov3-vitl16,multicrop,250,0.1,0.906828,74,76,1024,0.13
dinov3-vitl16,multicrop,250,1.0,0.901227,74,76,1024,0.13
dinov3-vitl16,multicrop,250,10.0,0.898293,74,76,1024,0.13
siglip-so400m,cls,50,0.01,0.791111,15,15,1152,0.04
siglip-so400m,cls,50,0.1,0.724444,15,15,1152,0.04
siglip-so400m,cls,50,1.0,0.711111,15,15,1152,0.04
siglip-so400m,cls,50,10.0,0.706667,15,15,1152,0.04
siglip-so400m,cls,100,0.01,0.742222,30,30,1152,0.08
siglip-so400m,cls,100,0.1,0.753333,30,30,1152,0.08
siglip-so400m,cls,100,1.0,0.755556,30,30,1152,0.08
siglip-so400m,cls,100,10.0,0.752222,30,30,1152,0.08
siglip-so400m,cls,250,0.01,0.698791,74,76,1152,0.12
siglip-so400m,cls,250,0.1,0.694701,74,76,1152,0.12
siglip-so400m,cls,250,1.0,0.6883,74,76,1152,0.12
siglip-so400m,cls,250,10.0,0.692212,74,76,1152,0.12
siglip-so400m,patch_mean,50,0.01,0.831111,15,15,1152,0.05
siglip-so400m,patch_mean,50,0.1,0.857778,15,15,1152,0.05
siglip-so400m,patch_mean,50,1.0,0.853333,15,15,1152,0.05
siglip-so400m,patch_mean,50,10.0,0.848889,15,15,1152,0.05
siglip-so400m,patch_mean,100,0.01,0.852222,30,30,1152,0.08
siglip-so400m,patch_mean,100,0.1,0.841111,30,30,1152,0.08
siglip-so400m,patch_mean,100,1.0,0.833333,30,30,1152,0.08
siglip-so400m,patch_mean,100,10.0,0.835556,30,30,1152,0.08
siglip-so400m,patch_mean,250,0.01,0.872333,74,76,1152,0.12
siglip-so400m,patch_mean,250,0.1,0.859353,74,76,1152,0.12
siglip-so400m,patch_mean,250,1.0,0.846195,74,76,1152,0.12
siglip-so400m,patch_mean,250,10.0,0.846195,74,76,1152,0.12
siglip-so400m,patch_max,50,0.01,0.84,15,15,1152,0.04
siglip-so400m,patch_max,50,0.1,0.835556,15,15,1152,0.04
siglip-so400m,patch_max,50,1.0,0.84,15,15,1152,0.04
siglip-so400m,patch_max,50,10.0,0.844444,15,15,1152,0.04
siglip-so400m,patch_max,100,0.01,0.834444,30,30,1152,0.07
siglip-so400m,patch_max,100,0.1,0.814444,30,30,1152,0.07
siglip-so400m,patch_max,100,1.0,0.806667,30,30,1152,0.07
siglip-so400m,patch_max,100,10.0,0.812222,30,30,1152,0.07
siglip-so400m,patch_max,250,0.01,0.821657,74,76,1152,0.1
siglip-so400m,patch_max,250,0.1,0.816323,74,76,1152,0.1
siglip-so400m,patch_max,250,1.0,0.812767,74,76,1152,0.1
siglip-so400m,patch_max,250,10.0,0.822724,74,76,1152,0.1
siglip-so400m,patch_gem,50,0.01,0.808889,15,15,1152,0.04
siglip-so400m,patch_gem,50,0.1,0.817778,15,15,1152,0.04
siglip-so400m,patch_gem,50,1.0,0.826667,15,15,1152,0.04
siglip-so400m,patch_gem,50,10.0,0.822222,15,15,1152,0.04
siglip-so400m,patch_gem,100,0.01,0.848889,30,30,1152,0.07
siglip-so400m,patch_gem,100,0.1,0.832222,30,30,1152,0.07
siglip-so400m,patch_gem,100,1.0,0.83,30,30,1152,0.07
siglip-so400m,patch_gem,100,10.0,0.828889,30,30,1152,0.07
siglip-so400m,patch_gem,250,0.01,0.863798,74,76,1152,0.12
siglip-so400m,patch_gem,250,0.1,0.862909,74,76,1152,0.12
siglip-so400m,patch_gem,250,1.0,0.855974,74,76,1152,0.12
siglip-so400m,patch_gem,250,10.0,0.858642,74,76,1152,0.12
siglip-so400m,cls_patch,50,0.01,0.928889,15,15,2304,0.06
siglip-so400m,cls_patch,50,0.1,0.928889,15,15,2304,0.06
siglip-so400m,cls_patch,50,1.0,0.937778,15,15,2304,0.06
siglip-so400m,cls_patch,50,10.0,0.933333,15,15,2304,0.06
siglip-so400m,cls_patch,100,0.01,0.851111,30,30,2304,0.1
siglip-so400m,cls_patch,100,0.1,0.842222,30,30,2304,0.1
siglip-so400m,cls_patch,100,1.0,0.836667,30,30,2304,0.1
siglip-so400m,cls_patch,100,10.0,0.832222,30,30,2304,0.1
siglip-so400m,cls_patch,250,0.01,0.868954,74,76,2304,1.44
siglip-so400m,cls_patch,250,0.1,0.863798,74,76,2304,1.44
siglip-so400m,cls_patch,250,1.0,0.857397,74,76,2304,1.44
siglip-so400m,cls_patch,250,10.0,0.874644,74,76,2304,1.44
siglip-so400m,multicrop,50,0.01,0.857778,15,15,1152,0.09
siglip-so400m,multicrop,50,0.1,0.835556,15,15,1152,0.09
siglip-so400m,multicrop,50,1.0,0.831111,15,15,1152,0.09
siglip-so400m,multicrop,50,10.0,0.831111,15,15,1152,0.09
siglip-so400m,multicrop,100,0.01,0.792222,30,30,1152,0.12
siglip-so400m,multicrop,100,0.1,0.778889,30,30,1152,0.12
siglip-so400m,multicrop,100,1.0,0.775556,30,30,1152,0.12
siglip-so400m,multicrop,100,10.0,0.771667,30,30,1152,0.12
siglip-so400m,multicrop,250,0.01,0.818279,74,76,1152,0.17
siglip-so400m,multicrop,250,0.1,0.80032,74,76,1152,0.17
siglip-so400m,multicrop,250,1.0,0.793919,74,76,1152,0.17
siglip-so400m,multicrop,250,10.0,0.807344,74,76,1152,0.17
clip-vitl14,cls,50,0.01,0.964444,15,15,1024,0.04
clip-vitl14,cls,50,0.1,0.968889,15,15,1024,0.04
clip-vitl14,cls,50,1.0,0.973333,15,15,1024,0.04
clip-vitl14,cls,50,10.0,0.977778,15,15,1024,0.04
clip-vitl14,cls,100,0.01,0.927778,30,30,1024,0.07
clip-vitl14,cls,100,0.1,0.926667,30,30,1024,0.07
clip-vitl14,cls,100,1.0,0.925556,30,30,1024,0.07
clip-vitl14,cls,100,10.0,0.923333,30,30,1024,0.07
clip-vitl14,cls,250,0.01,0.963727,74,76,1024,0.11
clip-vitl14,cls,250,0.1,0.965149,74,76,1024,0.11
clip-vitl14,cls,250,1.0,0.964972,74,76,1024,0.11
clip-vitl14,cls,250,10.0,0.963371,74,76,1024,0.11
clip-vitl14,patch_mean,50,0.01,0.875556,15,15,1024,0.04
clip-vitl14,patch_mean,50,0.1,0.884444,15,15,1024,0.04
clip-vitl14,patch_mean,50,1.0,0.893333,15,15,1024,0.04
clip-vitl14,patch_mean,50,10.0,0.897778,15,15,1024,0.04
clip-vitl14,patch_mean,100,0.01,0.867778,30,30,1024,0.08
clip-vitl14,patch_mean,100,0.1,0.866667,30,30,1024,0.08
clip-vitl14,patch_mean,100,1.0,0.865556,30,30,1024,0.08
clip-vitl14,patch_mean,100,10.0,0.86,30,30,1024,0.08
clip-vitl14,patch_mean,250,0.01,0.945413,74,76,1024,0.11
clip-vitl14,patch_mean,250,0.1,0.953058,74,76,1024,0.11
clip-vitl14,patch_mean,250,1.0,0.954481,74,76,1024,0.11
clip-vitl14,patch_mean,250,10.0,0.954125,74,76,1024,0.11
clip-vitl14,patch_max,50,0.01,0.817778,15,15,1024,0.04
clip-vitl14,patch_max,50,0.1,0.822222,15,15,1024,0.04
clip-vitl14,patch_max,50,1.0,0.813333,15,15,1024,0.04
clip-vitl14,patch_max,50,10.0,0.808889,15,15,1024,0.04
clip-vitl14,patch_max,100,0.01,0.862222,30,30,1024,0.06
clip-vitl14,patch_max,100,0.1,0.848889,30,30,1024,0.06
clip-vitl14,patch_max,100,1.0,0.844444,30,30,1024,0.06
clip-vitl14,patch_max,100,10.0,0.842222,30,30,1024,0.06
clip-vitl14,patch_max,250,0.01,0.924787,74,76,1024,0.09
clip-vitl14,patch_max,250,0.1,0.927454,74,76,1024,0.09
clip-vitl14,patch_max,250,1.0,0.928521,74,76,1024,0.09
clip-vitl14,patch_max,250,10.0,0.929232,74,76,1024,0.09
clip-vitl14,patch_gem,50,0.01,0.897778,15,15,1024,0.04
clip-vitl14,patch_gem,50,0.1,0.884444,15,15,1024,0.04
clip-vitl14,patch_gem,50,1.0,0.884444,15,15,1024,0.04
clip-vitl14,patch_gem,50,10.0,0.88,15,15,1024,0.04
clip-vitl14,patch_gem,100,0.01,0.871111,30,30,1024,0.06
clip-vitl14,patch_gem,100,0.1,0.863333,30,30,1024,0.06
clip-vitl14,patch_gem,100,1.0,0.865556,30,30,1024,0.06
clip-vitl14,patch_gem,100,10.0,0.863333,30,30,1024,0.06
clip-vitl14,patch_gem,250,0.01,0.936344,74,76,1024,0.1
clip-vitl14,patch_gem,250,0.1,0.940612,74,76,1024,0.1
clip-vitl14,patch_gem,250,1.0,0.942923,74,76,1024,0.1
clip-vitl14,patch_gem,250,10.0,0.942212,74,76,1024,0.1
clip-vitl14,cls_patch,50,0.01,0.951111,15,15,2048,0.06
clip-vitl14,cls_patch,50,0.1,0.96,15,15,2048,0.06
clip-vitl14,cls_patch,50,1.0,0.964444,15,15,2048,0.06
clip-vitl14,cls_patch,50,10.0,0.96,15,15,2048,0.06
clip-vitl14,cls_patch,100,0.01,0.917778,30,30,2048,0.09
clip-vitl14,cls_patch,100,0.1,0.914444,30,30,2048,0.09
clip-vitl14,cls_patch,100,1.0,0.915556,30,30,2048,0.09
clip-vitl14,cls_patch,100,10.0,0.908889,30,30,2048,0.09
clip-vitl14,cls_patch,250,0.01,0.966038,74,76,2048,1.35
clip-vitl14,cls_patch,250,0.1,0.970306,74,76,2048,1.35
clip-vitl14,cls_patch,250,1.0,0.970661,74,76,2048,1.35
clip-vitl14,cls_patch,250,10.0,0.972084,74,76,2048,1.35
clip-vitl14,multicrop,50,0.01,0.955556,15,15,1024,0.08
clip-vitl14,multicrop,50,0.1,0.973333,15,15,1024,0.08
clip-vitl14,multicrop,50,1.0,0.982222,15,15,1024,0.08
clip-vitl14,multicrop,50,10.0,0.986667,15,15,1024,0.08
clip-vitl14,multicrop,100,0.01,0.901111,30,30,1024,0.1
clip-vitl14,multicrop,100,0.1,0.89,30,30,1024,0.1
clip-vitl14,multicrop,100,1.0,0.887778,30,30,1024,0.1
clip-vitl14,multicrop,100,10.0,0.888889,30,30,1024,0.1
clip-vitl14,multicrop,250,0.01,0.963549,74,76,1024,0.14
clip-vitl14,multicrop,250,0.1,0.966927,74,76,1024,0.14
clip-vitl14,multicrop,250,1.0,0.966572,74,76,1024,0.14
clip-vitl14,multicrop,250,10.0,0.966038,74,76,1024,0.14
