model,pooling,dataset_size,auc,test_pos,test_neg,embedding_dim,val_loss,runtime_sec
dinov2-small,cls,50,0.848889,15,15,384,0.530555,1.9
dinov2-small,cls,100,0.846667,30,30,384,0.515144,2.04
dinov2-small,cls,250,0.877134,74,76,384,0.318536,2.31
dinov2-small,patch_mean,50,0.88,15,15,384,0.647613,0.07
dinov2-small,patch_mean,100,0.857778,30,30,384,0.555885,0.18
dinov2-small,patch_mean,250,0.909139,74,76,384,0.347273,0.41
dinov2-small,patch_max,50,0.928889,15,15,384,0.63669,0.07
dinov2-small,patch_max,100,0.863333,30,30,384,0.529796,0.19
dinov2-small,patch_max,250,0.893492,74,76,384,0.386711,0.41
dinov2-small,patch_gem,50,0.888889,15,15,384,0.660262,0.06
dinov2-small,patch_gem,100,0.891111,30,30,384,0.551876,0.17
dinov2-small,patch_gem,250,0.902027,74,76,384,0.360946,0.44
dinov2-small,cls_patch,50,0.817778,15,15,768,0.651298,0.07
dinov2-small,cls_patch,100,0.881111,30,30,768,0.540399,0.17
dinov2-small,cls_patch,250,0.894915,74,76,768,0.380289,0.39
dinov2-small,multicrop,50,0.835556,15,15,384,0.505071,0.13
dinov2-small,multicrop,100,0.873333,30,30,384,0.501459,0.27
dinov2-small,multicrop,250,0.904339,74,76,384,0.376643,0.54
dinov2-base,cls,50,0.813333,15,15,768,0.628069,0.08
dinov2-base,cls,100,0.867778,30,30,768,0.579479,0.18
dinov2-base,cls,250,0.880334,74,76,768,0.433448,0.48
dinov2-base,patch_mean,50,0.866667,15,15,768,0.65989,0.07
dinov2-base,patch_mean,100,0.857778,30,30,768,0.562233,0.16
dinov2-base,patch_mean,250,0.907895,74,76,768,0.405046,0.42
dinov2-base,patch_max,50,0.804444,15,15,768,0.695273,0.06
dinov2-base,patch_max,100,0.892222,30,30,768,0.506363,0.16
dinov2-base,patch_max,250,0.889225,74,76,768,0.286047,0.49
dinov2-base,patch_gem,50,0.782222,15,15,768,0.638065,0.07
dinov2-base,patch_gem,100,0.877778,30,30,768,0.471299,0.18
dinov2-base,patch_gem,250,0.91074,74,76,768,0.257453,0.5
dinov2-base,cls_patch,50,0.853333,15,15,1536,0.614018,0.09
dinov2-base,cls_patch,100,0.87,30,30,1536,0.564914,0.18
dinov2-base,cls_patch,250,0.90825,74,76,1536,0.37642,0.4
dinov2-base,multicrop,50,0.862222,15,15,768,0.635324,0.13
dinov2-base,multicrop,100,0.862222,30,30,768,0.614197,0.23
dinov2-base,multicrop,250,0.894915,74,76,768,0.369071,0.47
dinov2-large,cls,50,0.844444,15,15,1024,0.539921,0.2
dinov2-large,cls,100,0.826667,30,30,1024,0.626729,0.29
dinov2-large,cls,250,0.842283,74,76,1024,0.366965,0.55
dinov2-large,patch_mean,50,0.8,15,15,1024,0.654202,0.08
dinov2-large,patch_mean,100,0.877778,30,30,1024,0.531357,0.18
dinov2-large,patch_mean,250,0.90256,74,76,1024,0.320006,0.46
dinov2-large,patch_max,50,0.84,15,15,1024,0.664922,0.08
dinov2-large,patch_max,100,0.862222,30,30,1024,0.551408,0.19
dinov2-large,patch_max,250,0.87091,74,76,1024,0.38088,0.47
dinov2-large,patch_gem,50,0.853333,15,15,1024,0.626071,0.09
dinov2-large,patch_gem,100,0.865556,30,30,1024,0.579103,0.18
dinov2-large,patch_gem,250,0.881223,74,76,1024,0.321454,0.39
dinov2-large,cls_patch,50,0.84,15,15,2048,0.628938,0.1
dinov2-large,cls_patch,100,0.876667,30,30,2048,0.579364,0.19
dinov2-large,cls_patch,250,0.885135,74,76,2048,0.337456,0.46
dinov2-large,multicrop,50,0.884444,15,15,1024,0.58468,0.12
dinov2-large,multicrop,100,0.828889,30,30,1024,0.622672,0.21
dinov2-large,multicrop,250,0.858286,74,76,1024,0.371235,0.48
dinov2-giant,cls,50,0.875556,15,15,1536,0.582874,0.11
dinov2-giant,cls,100,0.878889,30,30,1536,0.582523,0.21
dinov2-giant,cls,250,0.863798,74,76,1536,0.339754,0.51
dinov2-giant,patch_mean,50,0.888889,15,15,1536,0.623577,0.09
dinov2-giant,patch_mean,100,0.854444,30,30,1536,0.548386,0.18
dinov2-giant,patch_mean,250,0.908606,74,76,1536,0.217672,0.56
dinov2-giant,patch_max,50,0.844444,15,15,1536,0.589755,0.1
dinov2-giant,patch_max,100,0.895556,30,30,1536,0.564783,0.19
dinov2-giant,patch_max,250,0.857041,74,76,1536,0.3853,0.45
dinov2-giant,patch_gem,50,0.826667,15,15,1536,0.613326,0.09
dinov2-giant,patch_gem,100,0.895556,30,30,1536,0.567897,0.19
dinov2-giant,patch_gem,250,0.909851,74,76,1536,0.257948,0.68
dinov2-giant,cls_patch,50,0.866667,15,15,3072,0.573862,0.11
dinov2-giant,cls_patch,100,0.872222,30,30,3072,0.578515,0.2
dinov2-giant,cls_patch,250,0.909851,74,76,3072,0.26461,0.54
dinov2-giant,multicrop,50,0.906667,15,15,1536,0.602986,0.16
dinov2-giant,multicrop,100,0.895556,30,30,1536,0.579941,0.26
dinov2-giant,multicrop,250,0.874467,74,76,1536,0.343403,0.57
dinov3-vitl16,cls,50,0.92,15,15,1024,0.47571,0.16
dinov3-vitl16,cls,100,0.888889,30,30,1024,0.546595,0.28
dinov3-vitl16,cls,250,0.885669,74,76,1024,0.276893,0.65
dinov3-vitl16,patch_mean,50,0.853333,15,15,1024,0.627493,0.09
dinov3-vitl16,patch_mean,100,0.895556,30,30,1024,0.5195,0.21
dinov3-vitl16,patch_mean,250,0.911629,74,76,1024,0.2718,0.47
dinov3-vitl16,patch_max,50,0.826667,15,15,1024,0.596068,0.09
dinov3-vitl16,patch_max,100,0.873333,30,30,1024,0.437791,0.25
dinov3-vitl16,patch_max,250,0.872155,74,76,1024,0.295125,0.54
dinov3-vitl16,patch_gem,50,0.928889,15,15,1024,0.536828,0.1
dinov3-vitl16,patch_gem,100,0.907778,30,30,1024,0.454934,0.27
dinov3-vitl16,patch_gem,250,0.909317,74,76,1024,0.31276,0.53
dinov3-vitl16,cls_patch,50,0.893333,15,15,2048,0.505422,0.18
dinov3-vitl16,cls_patch,100,0.89,30,30,2048,0.486563,0.29
dinov3-vitl16,cls_patch,250,0.919808,74,76,2048,0.234659,0.61
dinov3-vitl16,multicrop,50,0.888889,15,15,1024,0.451409,0.18
dinov3-vitl16,multicrop,100,0.858889,30,30,1024,0.560078,0.29
dinov3-vitl16,multicrop,250,0.913051,74,76,1024,0.222905,0.63
siglip-so400m,cls,50,0.688889,15,15,1152,0.675774,0.07
siglip-so400m,cls,100,0.703333,30,30,1152,0.648929,0.16
siglip-so400m,cls,250,0.658606,74,76,1152,0.64062,0.36
siglip-so400m,patch_mean,50,0.72,15,15,1152,0.647889,0.07
siglip-so400m,patch_mean,100,0.87,30,30,1152,0.534679,0.19
siglip-so400m,patch_mean,250,0.876956,74,76,1152,0.371181,0.44
siglip-so400m,patch_max,50,0.755556,15,15,1152,0.672078,0.08
siglip-so400m,patch_max,100,0.847778,30,30,1152,0.571929,0.19
siglip-so400m,patch_max,250,0.836415,74,76,1152,0.438337,0.42
siglip-so400m,patch_gem,50,0.755556,15,15,1152,0.690196,0.07
siglip-so400m,patch_gem,100,0.888889,30,30,1152,0.548713,0.16
siglip-so400m,patch_gem,250,0.870555,74,76,1152,0.380453,0.37
siglip-so400m,cls_patch,50,0.706667,15,15,2304,0.666646,0.08
siglip-so400m,cls_patch,100,0.844444,30,30,2304,0.635106,0.17
siglip-so400m,cls_patch,250,0.876422,74,76,2304,0.379814,0.41
siglip-so400m,multicrop,50,0.635556,15,15,1152,0.729017,0.06
siglip-so400m,multicrop,100,0.798889,30,30,1152,0.490668,0.22
siglip-so400m,multicrop,250,0.797475,74,76,1152,0.433476,0.46
clip-vitl14,cls,50,0.955556,15,15,1024,0.447685,0.09
clip-vitl14,cls,100,0.911111,30,30,1024,0.283435,0.29
clip-vitl14,cls,250,0.967105,74,76,1024,0.190919,0.62
clip-vitl14,patch_mean,50,0.884444,15,15,1024,0.542346,0.15
clip-vitl14,patch_mean,100,0.867778,30,30,1024,0.426419,0.25
clip-vitl14,patch_mean,250,0.95537,74,76,1024,0.203308,0.6
clip-vitl14,patch_max,50,0.826667,15,15,1024,0.53992,0.12
clip-vitl14,patch_max,100,0.845556,30,30,1024,0.432104,0.24
clip-vitl14,patch_max,250,0.934744,74,76,1024,0.299735,0.6
clip-vitl14,patch_gem,50,0.888889,15,15,1024,0.507229,0.16
clip-vitl14,patch_gem,100,0.88,30,30,1024,0.45149,0.26
clip-vitl14,patch_gem,250,0.951102,74,76,1024,0.263148,0.57
clip-vitl14,cls_patch,50,0.937778,15,15,2048,0.483363,0.15
clip-vitl14,cls_patch,100,0.891111,30,30,2048,0.387362,0.27
clip-vitl14,cls_patch,250,0.975462,74,76,2048,0.220192,0.62
clip-vitl14,multicrop,50,0.964444,15,15,1024,0.4418,0.1
clip-vitl14,multicrop,100,0.867778,30,30,1024,0.322978,0.32
clip-vitl14,multicrop,250,0.970306,74,76,1024,0.12061,0.86
