model,pooling,dataset_size,k,auc,test_pos,test_neg,embedding_dim,runtime_sec
dinov2-small,cls,50,1,0.6,15,15,384,0.12
dinov2-small,cls,50,5,0.755556,15,15,384,0.12
dinov2-small,cls,50,11,0.844444,15,15,384,0.12
dinov2-small,cls,100,1,0.716667,30,30,384,0.22
dinov2-small,cls,100,5,0.868333,30,30,384,0.22
dinov2-small,cls,100,11,0.838889,30,30,384,0.22
dinov2-small,cls,250,1,0.786629,74,76,384,0.33
dinov2-small,cls,250,5,0.863442,74,76,384,0.33
dinov2-small,cls,250,11,0.881935,74,76,384,0.33
dinov2-small,patch_mean,50,1,0.666667,15,15,384,0.11
dinov2-small,patch_mean,50,5,0.835556,15,15,384,0.11
dinov2-small,patch_mean,50,11,0.857778,15,15,384,0.11
dinov2-small,patch_mean,100,1,0.833333,30,30,384,0.2
dinov2-small,patch_mean,100,5,0.902778,30,30,384,0.2
dinov2-small,patch_mean,100,11,0.892222,30,30,384,0.2
dinov2-small,patch_mean,250,1,0.812945,74,76,384,0.3
dinov2-small,patch_mean,250,5,0.904872,74,76,384,0.3
dinov2-small,patch_mean,250,11,0.906383,74,76,384,0.3
dinov2-small,patch_max,50,1,0.733333,15,15,384,0.1
dinov2-small,patch_max,50,5,0.893333,15,15,384,0.1
dinov2-small,patch_max,50,11,0.875556,15,15,384,0.1
dinov2-small,patch_max,100,1,0.8,30,30,384,0.19
dinov2-small,patch_max,100,5,0.88,30,30,384,0.19
dinov2-small,patch_max,100,11,0.866667,30,30,384,0.19
dinov2-small,patch_max,250,1,0.839438,74,76,384,0.28
dinov2-small,patch_max,250,5,0.90176,74,76,384,0.28
dinov2-small,patch_max,250,11,0.886824,74,76,384,0.28
dinov2-small,patch_gem,50,1,0.666667,15,15,384,0.11
dinov2-small,patch_gem,50,5,0.906667,15,15,384,0.11
dinov2-small,patch_gem,50,11,0.928889,15,15,384,0.11
dinov2-small,patch_gem,100,1,0.816667,30,30,384,0.21
dinov2-small,patch_gem,100,5,0.916667,30,30,384,0.21
dinov2-small,patch_gem,100,11,0.933333,30,30,384,0.21
dinov2-small,patch_gem,250,1,0.852952,74,76,384,0.31
dinov2-small,patch_gem,250,5,0.917852,74,76,384,0.31
dinov2-small,patch_gem,250,11,0.894826,74,76,384,0.31
dinov2-small,cls_patch,50,1,0.666667,15,15,768,0.11
dinov2-small,cls_patch,50,5,0.84,15,15,768,0.11
dinov2-small,cls_patch,50,11,0.897778,15,15,768,0.11
dinov2-small,cls_patch,100,1,0.8,30,30,768,0.2
dinov2-small,cls_patch,100,5,0.898889,30,30,768,0.2
dinov2-small,cls_patch,100,11,0.877778,30,30,768,0.2
dinov2-small,cls_patch,250,1,0.819879,74,76,768,0.31
dinov2-small,cls_patch,250,5,0.884691,74,76,768,0.31
dinov2-small,cls_patch,250,11,0.891892,74,76,768,0.31
dinov2-small,multicrop,50,1,0.633333,15,15,384,0.1
dinov2-small,multicrop,50,5,0.773333,15,15,384,0.1
dinov2-small,multicrop,50,11,0.773333,15,15,384,0.1
dinov2-small,multicrop,100,1,0.766667,30,30,384,0.2
dinov2-small,multicrop,100,5,0.848889,30,30,384,0.2
dinov2-small,multicrop,100,11,0.863333,30,30,384,0.2
dinov2-small,multicrop,250,1,0.806188,74,76,384,0.3
dinov2-small,multicrop,250,5,0.871977,74,76,384,0.3
dinov2-small,multicrop,250,11,0.895804,74,76,384,0.3
dinov2-base,cls,50,1,0.633333,15,15,768,0.1
dinov2-base,cls,50,5,0.795556,15,15,768,0.1
dinov2-base,cls,50,11,0.795556,15,15,768,0.1
dinov2-base,cls,100,1,0.783333,30,30,768,0.19
dinov2-base,cls,100,5,0.88,30,30,768,0.19
dinov2-base,cls,100,11,0.89,30,30,768,0.19
dinov2-base,cls,250,1,0.819879,74,76,768,0.32
dinov2-base,cls,250,5,0.877312,74,76,768,0.32
dinov2-base,cls,250,11,0.894559,74,76,768,0.32
dinov2-base,patch_mean,50,1,0.733333,15,15,768,0.11
dinov2-base,patch_mean,50,5,0.853333,15,15,768,0.11
dinov2-base,patch_mean,50,11,0.853333,15,15,768,0.11
dinov2-base,patch_mean,100,1,0.85,30,30,768,0.2
dinov2-base,patch_mean,100,5,0.871111,30,30,768,0.2
dinov2-base,patch_mean,100,11,0.858889,30,30,768,0.2
dinov2-base,patch_mean,250,1,0.819701,74,76,768,0.29
dinov2-base,patch_mean,250,5,0.911273,74,76,768,0.29
dinov2-base,patch_mean,250,11,0.910384,74,76,768,0.29
dinov2-base,patch_max,50,1,0.7,15,15,768,0.12
dinov2-base,patch_max,50,5,0.808889,15,15,768,0.12
dinov2-base,patch_max,50,11,0.822222,15,15,768,0.12
dinov2-base,patch_max,100,1,0.833333,30,30,768,0.21
dinov2-base,patch_max,100,5,0.861667,30,30,768,0.21
dinov2-base,patch_max,100,11,0.862222,30,30,768,0.21
dinov2-base,patch_max,250,1,0.799609,74,76,768,0.3
dinov2-base,patch_max,250,5,0.899182,74,76,768,0.3
dinov2-base,patch_max,250,11,0.893492,74,76,768,0.3
dinov2-base,patch_gem,50,1,0.7,15,15,768,0.11
dinov2-base,patch_gem,50,5,0.888889,15,15,768,0.11
dinov2-base,patch_gem,50,11,0.84,15,15,768,0.11
dinov2-base,patch_gem,100,1,0.85,30,30,768,0.2
dinov2-base,patch_gem,100,5,0.875,30,30,768,0.2
dinov2-base,patch_gem,100,11,0.894444,30,30,768,0.2
dinov2-base,patch_gem,250,1,0.799787,74,76,768,0.31
dinov2-base,patch_gem,250,5,0.893492,74,76,768,0.31
dinov2-base,patch_gem,250,11,0.900427,74,76,768,0.31
dinov2-base,cls_patch,50,1,0.733333,15,15,1536,0.11
dinov2-base,cls_patch,50,5,0.822222,15,15,1536,0.11
dinov2-base,cls_patch,50,11,0.786667,15,15,1536,0.11
dinov2-base,cls_patch,100,1,0.816667,30,30,1536,0.2
dinov2-base,cls_patch,100,5,0.897778,30,30,1536,0.2
dinov2-base,cls_patch,100,11,0.872222,30,30,1536,0.2
dinov2-base,cls_patch,250,1,0.819879,74,76,1536,0.33
dinov2-base,cls_patch,250,5,0.894559,74,76,1536,0.33
dinov2-base,cls_patch,250,11,0.908962,74,76,1536,0.33
dinov2-base,multicrop,50,1,0.666667,15,15,768,0.12
dinov2-base,multicrop,50,5,0.797778,15,15,768,0.12
dinov2-base,multicrop,50,11,0.808889,15,15,768,0.12
dinov2-base,multicrop,100,1,0.8,30,30,768,0.21
dinov2-base,multicrop,100,5,0.886667,30,30,768,0.21
dinov2-base,multicrop,100,11,0.905556,30,30,768,0.21
dinov2-base,multicrop,250,1,0.79303,74,76,768,0.3
dinov2-base,multicrop,250,5,0.882112,74,76,768,0.3
dinov2-base,multicrop,250,11,0.893492,74,76,768,0.3
dinov2-large,cls,50,1,0.766667,15,15,1024,0.11
dinov2-large,cls,50,5,0.755556,15,15,1024,0.11
dinov2-large,cls,50,11,0.764444,15,15,1024,0.11
dinov2-large,cls,100,1,0.75,30,30,1024,0.2
dinov2-large,cls,100,5,0.774444,30,30,1024,0.2
dinov2-large,cls,100,11,0.79,30,30,1024,0.2
dinov2-large,cls,250,1,0.753023,74,76,1024,0.32
dinov2-large,cls,250,5,0.854285,74,76,1024,0.32
dinov2-large,cls,250,11,0.871711,74,76,1024,0.32
dinov2-large,patch_mean,50,1,0.7,15,15,1024,0.11
dinov2-large,patch_mean,50,5,0.848889,15,15,1024,0.11
dinov2-large,patch_mean,50,11,0.795556,15,15,1024,0.11
dinov2-large,patch_mean,100,1,0.866667,30,30,1024,0.2
dinov2-large,patch_mean,100,5,0.912222,30,30,1024,0.2
dinov2-large,patch_mean,100,11,0.868889,30,30,1024,0.2
dinov2-large,patch_mean,250,1,0.813122,74,76,1024,0.3
dinov2-large,patch_mean,250,5,0.899893,74,76,1024,0.3
dinov2-large,patch_mean,250,11,0.90256,74,76,1024,0.3
dinov2-large,patch_max,50,1,0.766667,15,15,1024,0.11
dinov2-large,patch_max,50,5,0.862222,15,15,1024,0.11
dinov2-large,patch_max,50,11,0.782222,15,15,1024,0.11
dinov2-large,patch_max,100,1,0.816667,30,30,1024,0.2
dinov2-large,patch_max,100,5,0.881111,30,30,1024,0.2
dinov2-large,patch_max,100,11,0.83,30,30,1024,0.2
dinov2-large,patch_max,250,1,0.799609,74,76,1024,0.3
dinov2-large,patch_max,250,5,0.888691,74,76,1024,0.3
dinov2-large,patch_max,250,11,0.888691,74,76,1024,0.3
dinov2-large,patch_gem,50,1,0.7,15,15,1024,0.12
dinov2-large,patch_gem,50,5,0.893333,15,15,1024,0.12
dinov2-large,patch_gem,50,11,0.822222,15,15,1024,0.12
dinov2-large,patch_gem,100,1,0.816667,30,30,1024,0.2
dinov2-large,patch_gem,100,5,0.89,30,30,1024,0.2
dinov2-large,patch_gem,100,11,0.842222,30,30,1024,0.2
dinov2-large,patch_gem,250,1,0.8133,74,76,1024,0.3
dinov2-large,patch_gem,250,5,0.901405,74,76,1024,0.3
dinov2-large,patch_gem,250,11,0.901138,74,76,1024,0.3
dinov2-large,cls_patch,50,1,0.766667,15,15,2048,0.13
dinov2-large,cls_patch,50,5,0.862222,15,15,2048,0.13
dinov2-large,cls_patch,50,11,0.822222,15,15,2048,0.13
dinov2-large,cls_patch,100,1,0.816667,30,30,2048,0.24
dinov2-large,cls_patch,100,5,0.87,30,30,2048,0.24
dinov2-large,cls_patch,100,11,0.843333,30,30,2048,0.24
dinov2-large,cls_patch,250,1,0.799787,74,76,2048,0.38
dinov2-large,cls_patch,250,5,0.901494,74,76,2048,0.38
dinov2-large,cls_patch,250,11,0.899538,74,76,2048,0.38
dinov2-large,multicrop,50,1,0.7,15,15,1024,0.11
dinov2-large,multicrop,50,5,0.791111,15,15,1024,0.11
dinov2-large,multicrop,50,11,0.786667,15,15,1024,0.11
dinov2-large,multicrop,100,1,0.8,30,30,1024,0.2
dinov2-large,multicrop,100,5,0.842222,30,30,1024,0.2
dinov2-large,multicrop,100,11,0.82,30,30,1024,0.2
dinov2-large,multicrop,250,1,0.766892,74,76,1024,0.31
dinov2-large,multicrop,250,5,0.865665,74,76,1024,0.31
dinov2-large,multicrop,250,11,0.892425,74,76,1024,0.31
dinov2-giant,cls,50,1,0.766667,15,15,1536,0.1
dinov2-giant,cls,50,5,0.835556,15,15,1536,0.1
dinov2-giant,cls,50,11,0.848889,15,15,1536,0.1
dinov2-giant,cls,100,1,0.783333,30,30,1536,0.2
dinov2-giant,cls,100,5,0.801111,30,30,1536,0.2
dinov2-giant,cls,100,11,0.805556,30,30,1536,0.2
dinov2-giant,cls,250,1,0.786451,74,76,1536,0.32
dinov2-giant,cls,250,5,0.869221,74,76,1536,0.32
dinov2-giant,cls,250,11,0.888691,74,76,1536,0.32
dinov2-giant,patch_mean,50,1,0.666667,15,15,1536,0.11
dinov2-giant,patch_mean,50,5,0.773333,15,15,1536,0.11
dinov2-giant,patch_mean,50,11,0.791111,15,15,1536,0.11
dinov2-giant,patch_mean,100,1,0.816667,30,30,1536,0.21
dinov2-giant,patch_mean,100,5,0.934444,30,30,1536,0.21
dinov2-giant,patch_mean,100,11,0.864444,30,30,1536,0.21
dinov2-giant,patch_mean,250,1,0.839438,74,76,1536,0.33
dinov2-giant,patch_mean,250,5,0.91803,74,76,1536,0.33
dinov2-giant,patch_mean,250,11,0.911273,74,76,1536,0.33
dinov2-giant,patch_max,50,1,0.766667,15,15,1536,0.12
dinov2-giant,patch_max,50,5,0.844444,15,15,1536,0.12
dinov2-giant,patch_max,50,11,0.768889,15,15,1536,0.12
dinov2-giant,patch_max,100,1,0.816667,30,30,1536,0.2
dinov2-giant,patch_max,100,5,0.852778,30,30,1536,0.2
dinov2-giant,patch_max,100,11,0.844444,30,30,1536,0.2
dinov2-giant,patch_max,250,1,0.812767,74,76,1536,0.33
dinov2-giant,patch_max,250,5,0.887269,74,76,1536,0.33
dinov2-giant,patch_max,250,11,0.881846,74,76,1536,0.33
dinov2-giant,patch_gem,50,1,0.7,15,15,1536,0.12
dinov2-giant,patch_gem,50,5,0.786667,15,15,1536,0.12
dinov2-giant,patch_gem,50,11,0.768889,15,15,1536,0.12
dinov2-giant,patch_gem,100,1,0.85,30,30,1536,0.21
dinov2-giant,patch_gem,100,5,0.908889,30,30,1536,0.21
dinov2-giant,patch_gem,100,11,0.873333,30,30,1536,0.21
dinov2-giant,patch_gem,250,1,0.846017,74,76,1536,0.33
dinov2-giant,patch_gem,250,5,0.900071,74,76,1536,0.33
dinov2-giant,patch_gem,250,11,0.901849,74,76,1536,0.33
dinov2-giant,cls_patch,50,1,0.7,15,15,3072,0.15
dinov2-giant,cls_patch,50,5,0.817778,15,15,3072,0.15
dinov2-giant,cls_patch,50,11,0.826667,15,15,3072,0.15
dinov2-giant,cls_patch,100,1,0.866667,30,30,3072,0.28
dinov2-giant,cls_patch,100,5,0.91,30,30,3072,0.28
dinov2-giant,cls_patch,100,11,0.848889,30,30,3072,0.28
dinov2-giant,cls_patch,250,1,0.806366,74,76,3072,0.42
dinov2-giant,cls_patch,250,5,0.911895,74,76,3072,0.42
dinov2-giant,cls_patch,250,11,0.914029,74,76,3072,0.42
dinov2-giant,multicrop,50,1,0.8,15,15,1536,0.11
dinov2-giant,multicrop,50,5,0.906667,15,15,1536,0.11
dinov2-giant,multicrop,50,11,0.875556,15,15,1536,0.11
dinov2-giant,multicrop,100,1,0.766667,30,30,1536,0.23
dinov2-giant,multicrop,100,5,0.84,30,30,1536,0.23
dinov2-giant,multicrop,100,11,0.841111,30,30,1536,0.23
dinov2-giant,multicrop,250,1,0.766536,74,76,1536,0.36
dinov2-giant,multicrop,250,5,0.854552,74,76,1536,0.36
dinov2-giant,multicrop,250,11,0.897582,74,76,1536,0.36
dinov3-vitl16,cls,50,1,0.666667,15,15,1024,0.12
dinov3-vitl16,cls,50,5,0.813333,15,15,1024,0.12
dinov3-vitl16,cls,50,11,0.857778,15,15,1024,0.12
dinov3-vitl16,cls,100,1,0.85,30,30,1024,0.21
dinov3-vitl16,cls,100,5,0.917778,30,30,1024,0.21
dinov3-vitl16,cls,100,11,0.902222,30,30,1024,0.21
dinov3-vitl16,cls,250,1,0.786807,74,76,1024,0.33
dinov3-vitl16,cls,250,5,0.867532,74,76,1024,0.33
dinov3-vitl16,cls,250,11,0.898204,74,76,1024,0.33
dinov3-vitl16,patch_mean,50,1,0.733333,15,15,1024,0.11
dinov3-vitl16,patch_mean,50,5,0.884444,15,15,1024,0.11
dinov3-vitl16,patch_mean,50,11,0.831111,15,15,1024,0.11
dinov3-vitl16,patch_mean,100,1,0.85,30,30,1024,0.2
dinov3-vitl16,patch_mean,100,5,0.919444,30,30,1024,0.2
dinov3-vitl16,patch_mean,100,11,0.91,30,30,1024,0.2
dinov3-vitl16,patch_mean,250,1,0.866287,74,76,1024,0.3
dinov3-vitl16,patch_mean,250,5,0.921942,74,76,1024,0.3
dinov3-vitl16,patch_mean,250,11,0.924431,74,76,1024,0.3
dinov3-vitl16,patch_max,50,1,0.666667,15,15,1024,0.11
dinov3-vitl16,patch_max,50,5,0.768889,15,15,1024,0.11
dinov3-vitl16,patch_max,50,11,0.755556,15,15,1024,0.11
dinov3-vitl16,patch_max,100,1,0.833333,30,30,1024,0.21
dinov3-vitl16,patch_max,100,5,0.892778,30,30,1024,0.21
dinov3-vitl16,patch_max,100,11,0.901111,30,30,1024,0.21
dinov3-vitl16,patch_max,250,1,0.832326,74,76,1024,0.32
dinov3-vitl16,patch_max,250,5,0.889136,74,76,1024,0.32
dinov3-vitl16,patch_max,250,11,0.908695,74,76,1024,0.32
dinov3-vitl16,patch_gem,50,1,0.766667,15,15,1024,0.1
dinov3-vitl16,patch_gem,50,5,0.844444,15,15,1024,0.1
dinov3-vitl16,patch_gem,50,11,0.88,15,15,1024,0.1
dinov3-vitl16,patch_gem,100,1,0.833333,30,30,1024,0.19
dinov3-vitl16,patch_gem,100,5,0.925,30,30,1024,0.19
dinov3-vitl16,patch_gem,100,11,0.911111,30,30,1024,0.19
dinov3-vitl16,patch_gem,250,1,0.852774,74,76,1024,0.3
dinov3-vitl16,patch_gem,250,5,0.89936,74,76,1024,0.3
dinov3-vitl16,patch_gem,250,11,0.911451,74,76,1024,0.3
dinov3-vitl16,cls_patch,50,1,0.766667,15,15,2048,0.11
dinov3-vitl16,cls_patch,50,5,0.884444,15,15,2048,0.11
dinov3-vitl16,cls_patch,50,11,0.853333,15,15,2048,0.11
dinov3-vitl16,cls_patch,100,1,0.866667,30,30,2048,0.21
dinov3-vitl16,cls_patch,100,5,0.931111,30,30,2048,0.21
dinov3-vitl16,cls_patch,100,11,0.916667,30,30,2048,0.21
dinov3-vitl16,cls_patch,250,1,0.819523,74,76,2048,0.34
dinov3-vitl16,cls_patch,250,5,0.898382,74,76,2048,0.34
dinov3-vitl16,cls_patch,250,11,0.91963,74,76,2048,0.34
dinov3-vitl16,multicrop,50,1,0.666667,15,15,1024,0.11
dinov3-vitl16,multicrop,50,5,0.791111,15,15,1024,0.11
dinov3-vitl16,multicrop,50,11,0.924444,15,15,1024,0.11
dinov3-vitl16,multicrop,100,1,0.833333,30,30,1024,0.2
dinov3-vitl16,multicrop,100,5,0.922222,30,30,1024,0.2
dinov3-vitl16,multicrop,100,11,0.873333,30,30,1024,0.2
dinov3-vitl16,multicrop,250,1,0.766714,74,76,1024,0.31
dinov3-vitl16,multicrop,250,5,0.873933,74,76,1024,0.31
dinov3-vitl16,multicrop,250,11,0.909317,74,76,1024,0.31
siglip-so400m,cls,50,1,0.566667,15,15,1152,0.12
siglip-so400m,cls,50,5,0.613333,15,15,1152,0.12
siglip-so400m,cls,50,11,0.773333,15,15,1152,0.12
siglip-so400m,cls,100,1,0.616667,30,30,1152,0.21
siglip-so400m,cls,100,5,0.726111,30,30,1152,0.21
siglip-so400m,cls,100,11,0.678889,30,30,1152,0.21
siglip-so400m,cls,250,1,0.646515,74,76,1152,0.32
siglip-so400m,cls,250,5,0.668385,74,76,1152,0.32
siglip-so400m,cls,250,11,0.645448,74,76,1152,0.32
siglip-so400m,patch_mean,50,1,0.8,15,15,1152,0.11
siglip-so400m,patch_mean,50,5,0.8,15,15,1152,0.11
siglip-so400m,patch_mean,50,11,0.764444,15,15,1152,0.11
siglip-so400m,patch_mean,100,1,0.783333,30,30,1152,0.2
siglip-so400m,patch_mean,100,5,0.887222,30,30,1152,0.2
siglip-so400m,patch_mean,100,11,0.832222,30,30,1152,0.2
siglip-so400m,patch_mean,250,1,0.766358,74,76,1152,0.33
siglip-so400m,patch_mean,250,5,0.816856,74,76,1152,0.33
siglip-so400m,patch_mean,250,11,0.823257,74,76,1152,0.33
siglip-so400m,patch_max,50,1,0.766667,15,15,1152,0.11
siglip-so400m,patch_max,50,5,0.728889,15,15,1152,0.11
siglip-so400m,patch_max,50,11,0.728889,15,15,1152,0.11
siglip-so400m,patch_max,100,1,0.683333,30,30,1152,0.2
siglip-so400m,patch_max,100,5,0.83,30,30,1152,0.2
siglip-so400m,patch_max,100,11,0.754444,30,30,1152,0.2
siglip-so400m,patch_max,250,1,0.739331,74,76,1152,0.32
siglip-so400m,patch_max,250,5,0.84175,74,76,1152,0.32
siglip-so400m,patch_max,250,11,0.822902,74,76,1152,0.32
siglip-so400m,patch_gem,50,1,0.733333,15,15,1152,0.11
siglip-so400m,patch_gem,50,5,0.786667,15,15,1152,0.11
siglip-so400m,patch_gem,50,11,0.746667,15,15,1152,0.11
siglip-so400m,patch_gem,100,1,0.716667,30,30,1152,0.2
siglip-so400m,patch_gem,100,5,0.885,30,30,1152,0.2
siglip-so400m,patch_gem,100,11,0.832222,30,30,1152,0.2
siglip-so400m,patch_gem,250,1,0.806543,74,76,1152,0.3
siglip-so400m,patch_gem,250,5,0.857752,74,76,1152,0.3
siglip-so400m,patch_gem,250,11,0.826458,74,76,1152,0.3
siglip-so400m,cls_patch,50,1,0.666667,15,15,2304,0.12
siglip-so400m,cls_patch,50,5,0.755556,15,15,2304,0.12
siglip-so400m,cls_patch,50,11,0.786667,15,15,2304,0.12
siglip-so400m,cls_patch,100,1,0.783333,30,30,2304,0.23
siglip-so400m,cls_patch,100,5,0.825556,30,30,2304,0.23
siglip-so400m,cls_patch,100,11,0.812222,30,30,2304,0.23
siglip-so400m,cls_patch,250,1,0.766181,74,76,2304,0.36
siglip-so400m,cls_patch,250,5,0.822635,74,76,2304,0.36
siglip-so400m,cls_patch,250,11,0.835437,74,76,2304,0.36
siglip-so400m,multicrop,50,1,0.633333,15,15,1152,0.11
siglip-so400m,multicrop,50,5,0.808889,15,15,1152,0.11
siglip-so400m,multicrop,50,11,0.862222,15,15,1152,0.11
siglip-so400m,multicrop,100,1,0.716667,30,30,1152,0.21
siglip-so400m,multicrop,100,5,0.815,30,30,1152,0.21
siglip-so400m,multicrop,100,11,0.772222,30,30,1152,0.21
siglip-so400m,multicrop,250,1,0.725818,74,76,1152,0.33
siglip-so400m,multicrop,250,5,0.804499,74,76,1152,0.33
siglip-so400m,multicrop,250,11,0.780761,74,76,1152,0.33
clip-vitl14,cls,50,1,0.866667,15,15,1024,0.11
clip-vitl14,cls,50,5,0.864444,15,15,1024,0.11
clip-vitl14,cls,50,11,0.906667,15,15,1024,0.11
clip-vitl14,cls,100,1,0.833333,30,30,1024,0.2
clip-vitl14,cls,100,5,0.943889,30,30,1024,0.2
clip-vitl14,cls,100,11,0.93,30,30,1024,0.2
clip-vitl14,cls,250,1,0.872511,74,76,1024,0.32
clip-vitl14,cls,250,5,0.947546,74,76,1024,0.32
clip-vitl14,cls,250,11,0.950391,74,76,1024,0.32
clip-vitl14,patch_mean,50,1,0.766667,15,15,1024,0.11
clip-vitl14,patch_mean,50,5,0.88,15,15,1024,0.11
clip-vitl14,patch_mean,50,11,0.853333,15,15,1024,0.11
clip-vitl14,patch_mean,100,1,0.833333,30,30,1024,0.19
clip-vitl14,patch_mean,100,5,0.873889,30,30,1024,0.19
clip-vitl14,patch_mean,100,11,0.853333,30,30,1024,0.19
clip-vitl14,patch_mean,250,1,0.852596,74,76,1024,0.28
clip-vitl14,patch_mean,250,5,0.940878,74,76,1024,0.28
clip-vitl14,patch_mean,250,11,0.947013,74,76,1024,0.28
clip-vitl14,patch_max,50,1,0.7,15,15,1024,0.14
clip-vitl14,patch_max,50,5,0.791111,15,15,1024,0.14
clip-vitl14,patch_max,50,11,0.857778,15,15,1024,0.14
clip-vitl14,patch_max,100,1,0.766667,30,30,1024,0.22
clip-vitl14,patch_max,100,5,0.836667,30,30,1024,0.22
clip-vitl14,patch_max,100,11,0.838889,30,30,1024,0.22
clip-vitl14,patch_max,250,1,0.825925,74,76,1024,0.34
clip-vitl14,patch_max,250,5,0.929854,74,76,1024,0.34
clip-vitl14,patch_max,250,11,0.914651,74,76,1024,0.34
clip-vitl14,patch_gem,50,1,0.833333,15,15,1024,0.1
clip-vitl14,patch_gem,50,5,0.906667,15,15,1024,0.1
clip-vitl14,patch_gem,50,11,0.831111,15,15,1024,0.1
clip-vitl14,patch_gem,100,1,0.816667,30,30,1024,0.19
clip-vitl14,patch_gem,100,5,0.911111,30,30,1024,0.19
clip-vitl14,patch_gem,100,11,0.845,30,30,1024,0.19
clip-vitl14,patch_gem,250,1,0.859175,74,76,1024,0.31
clip-vitl14,patch_gem,250,5,0.940167,74,76,1024,0.31
clip-vitl14,patch_gem,250,11,0.940967,74,76,1024,0.31
clip-vitl14,cls_patch,50,1,0.866667,15,15,2048,0.11
clip-vitl14,cls_patch,50,5,0.915556,15,15,2048,0.12
clip-vitl14,cls_patch,50,11,0.911111,15,15,2048,0.12
clip-vitl14,cls_patch,100,1,0.833333,30,30,2048,0.23
clip-vitl14,cls_patch,100,5,0.898889,30,30,2048,0.23
clip-vitl14,cls_patch,100,11,0.85,30,30,2048,0.23
clip-vitl14,cls_patch,250,1,0.89936,74,76,2048,0.36
clip-vitl14,cls_patch,250,5,0.95617,74,76,2048,0.36
clip-vitl14,cls_patch,250,11,0.945146,74,76,2048,0.36
clip-vitl14,multicrop,50,1,0.833333,15,15,1024,0.11
clip-vitl14,multicrop,50,5,0.891111,15,15,1024,0.11
clip-vitl14,multicrop,50,11,0.893333,15,15,1024,0.11
clip-vitl14,multicrop,100,1,0.833333,30,30,1024,0.19
clip-vitl14,multicrop,100,5,0.892222,30,30,1024,0.19
clip-vitl14,multicrop,100,11,0.916667,30,30,1024,0.19
clip-vitl14,multicrop,250,1,0.879445,74,76,1024,0.28
clip-vitl14,multicrop,250,5,0.946302,74,76,1024,0.28
clip-vitl14,multicrop,250,11,0.945946,74,76,1024,0.28
